<?xml version="1.0" encoding="UTF-8"?>
<config xmlns="http://www.knime.org/2008/09/XMLConfig" xmlns:xsi="http://www.w3.org/2001/XMLSchema-instance" xsi:schemaLocation="http://www.knime.org/2008/09/XMLConfig http://www.knime.org/XMLConfig_2008_09.xsd" key="settings.xml">
<entry key="name" type="xstring" value="String Replacer"/>
<config key="model">
<entry key="caseSensitive" type="xboolean" value="false"/>
<entry key="colName" type="xstring" value="split_1"/>
<entry key="createNewCol" type="xboolean" value="false"/>
<entry key="newColName" type="xstring" value="Enter column name"/>
<entry key="pattern" type="xstring" value=".tif.csv"/>
<entry key="replaceAllOccurences" type="xboolean" value="true"/>
<entry key="replacement" type="xstring" value=".xls"/>
</config>
<entry key="hasContent" type="xboolean" value="false"/>
<entry key="isInactive" type="xboolean" value="false"/>
<config key="ports">
<config key="port_1">
<entry key="index" type="xint" value="1"/>
<entry key="port_dir_location" type="xstring" isnull="true" value=""/>
</config>
</config>
</config>
