<?xml version="1.0" encoding="UTF-8"?>
<config xmlns="http://www.knime.org/2008/09/XMLConfig" xmlns:xsi="http://www.w3.org/2001/XMLSchema-instance" xsi:schemaLocation="http://www.knime.org/2008/09/XMLConfig http://www.knime.org/XMLConfig_2008_09.xsd" key="settings.xml">
<entry key="name" type="xstring" value="List Files"/>
<config key="model">
<entry key="EXTENSIONS" type="xstring" value=".csv"/>
<entry key="FILESETTINGS" type="xstring" value="/Users/macbookair/Documents/Microscopy/Vessel-Analysis/csv;"/>
<entry key="RECURSIVE_SETTINGS" type="xboolean" value="true"/>
<entry key="FILTER_SETTINGS" type="xstring" value="Extensions"/>
<entry key="CASESENSITVE" type="xboolean" value="false"/>
</config>
<entry key="hasContent" type="xboolean" value="true"/>
<entry key="isInactive" type="xboolean" value="false"/>
<config key="ports">
<config key="port_1">
<entry key="index" type="xint" value="1"/>
<entry key="port_spec_class" type="xstring" value="org.knime.core.data.DataTableSpec"/>
<entry key="port_object_class" type="xstring" value="org.knime.core.node.BufferedDataTable"/>
<entry key="port_object_summary" type="xstring" value="Rows: 3, Cols: 2"/>
<entry key="port_dir_location" type="xstring" value="port_1"/>
</config>
</config>
</config>
