<?xml version="1.0" encoding="UTF-8"?>
<config xmlns="http://www.knime.org/2008/09/XMLConfig" xmlns:xsi="http://www.w3.org/2001/XMLSchema-instance" xsi:schemaLocation="http://www.knime.org/2008/09/XMLConfig http://www.knime.org/XMLConfig_2008_09.xsd" key="settings.xml">
<entry key="name" type="xstring" value="Number To String"/>
<config key="model">
<config key="include_Internals">
<entry key="SettingsModelID" type="xstring" value="SMID_filterString"/>
<entry key="EnabledStatus" type="xboolean" value="true"/>
</config>
<config key="include">
<config key="InclList">
<entry key="array-size" type="xint" value="1"/>
<entry key="0" type="xstring" value="Maximum"/>
</config>
<config key="ExclList">
<entry key="array-size" type="xint" value="0"/>
</config>
<entry key="keep_all_columns_selected" type="xboolean" value="true"/>
</config>
</config>
<entry key="hasContent" type="xboolean" value="false"/>
<entry key="isInactive" type="xboolean" value="false"/>
<config key="ports">
<config key="port_1">
<entry key="index" type="xint" value="1"/>
<entry key="port_dir_location" type="xstring" isnull="true" value=""/>
</config>
</config>
<config key="filestores">
<entry key="file_store_location" type="xstring" isnull="true" value=""/>
<entry key="file_store_id" type="xstring" isnull="true" value=""/>
</config>
</config>
