<?xml version="1.0" encoding="UTF-8"?>
<config xmlns="http://www.knime.org/2008/09/XMLConfig" xmlns:xsi="http://www.w3.org/2001/XMLSchema-instance" xsi:schemaLocation="http://www.knime.org/2008/09/XMLConfig http://www.knime.org/XMLConfig_2008_09.xsd" key="settings.xml">
<entry key="name" type="xstring" value="Statistics"/>
<config key="model">
<config key="compute_median_Internals">
<entry key="SettingsModelID" type="xstring" value="SMID_boolean"/>
<entry key="EnabledStatus" type="xboolean" value="true"/>
</config>
<entry key="compute_median" type="xboolean" value="false"/>
<config key="num_nominal-values_Internals">
<entry key="SettingsModelID" type="xstring" value="SMID_integer"/>
<entry key="EnabledStatus" type="xboolean" value="true"/>
</config>
<entry key="num_nominal-values" type="xint" value="20"/>
<config key="num_nominal-values_output_Internals">
<entry key="SettingsModelID" type="xstring" value="SMID_integer"/>
<entry key="EnabledStatus" type="xboolean" value="true"/>
</config>
<entry key="num_nominal-values_output" type="xint" value="1000"/>
<config key="filter_nominal_columns_Internals">
<entry key="SettingsModelID" type="xstring" value="SMID_filterString"/>
<entry key="EnabledStatus" type="xboolean" value="true"/>
</config>
<config key="filter_nominal_columns">
<config key="InclList">
<entry key="array-size" type="xint" value="10"/>
<entry key="0" type="xstring" value="Area"/>
<entry key="1" type="xstring" value="Mean"/>
<entry key="2" type="xstring" value="Circ."/>
<entry key="3" type="xstring" value="IntDen"/>
<entry key="4" type="xstring" value="RawIntDen"/>
<entry key="5" type="xstring" value="AR"/>
<entry key="6" type="xstring" value="Round"/>
<entry key="7" type="xstring" value="Solidity"/>
<entry key="8" type="xstring" value="XStart"/>
<entry key="9" type="xstring" value="YStart"/>
</config>
<config key="ExclList">
<entry key="array-size" type="xint" value="0"/>
</config>
<entry key="keep_all_columns_selected" type="xboolean" value="false"/>
</config>
</config>
<entry key="hasContent" type="xboolean" value="false"/>
<entry key="isInactive" type="xboolean" value="false"/>
<config key="ports">
<config key="port_1">
<entry key="index" type="xint" value="1"/>
<entry key="port_dir_location" type="xstring" isnull="true" value=""/>
</config>
<config key="port_2">
<entry key="index" type="xint" value="2"/>
<entry key="port_dir_location" type="xstring" isnull="true" value=""/>
</config>
</config>
<config key="filestores">
<entry key="file_store_location" type="xstring" isnull="true" value=""/>
<entry key="file_store_id" type="xstring" isnull="true" value=""/>
</config>
</config>
