<?xml version="1.0" encoding="UTF-8"?>
<config xmlns="http://www.knime.org/2008/09/XMLConfig" xmlns:xsi="http://www.w3.org/2001/XMLSchema-instance" xsi:schemaLocation="http://www.knime.org/2008/09/XMLConfig http://www.knime.org/XMLConfig_2008_09.xsd" key="settings.xml">
<entry key="name" type="xstring" value="String Manipulation"/>
<config key="model">
<entry key="expression" type="xstring" value="replace($Column Header$,$Column Header$,&quot;Display:Lin&quot;)"/>
<entry key="replaced_column" type="xstring" value="Column Header"/>
<entry key="append_column" type="xboolean" value="true"/>
<entry key="test_compilation_on_dialog_close" type="xboolean" value="true"/>
<entry key="insert_missing_as_null" type="xboolean" value="false"/>
<entry key="return_type" type="xstring" value="java.lang.String"/>
</config>
<entry key="hasContent" type="xboolean" value="true"/>
<entry key="isInactive" type="xboolean" value="false"/>
<config key="ports">
<config key="port_1">
<entry key="index" type="xint" value="1"/>
<entry key="port_spec_class" type="xstring" value="org.knime.core.data.DataTableSpec"/>
<entry key="port_object_class" type="xstring" value="org.knime.core.node.BufferedDataTable"/>
<entry key="port_object_summary" type="xstring" value="Rows: 6, Cols: 1"/>
<entry key="port_dir_location" type="xstring" value="port_1"/>
</config>
</config>
<config key="filestores">
<entry key="file_store_location" type="xstring" isnull="true" value=""/>
<entry key="file_store_id" type="xstring" value="db177fd8-f3fe-4cad-a81a-f2b9593f0e6b"/>
</config>
</config>
